<?xml version="1.0"?>
<dbResponse MCN="200" id="3474" destino="LINKSRV" ruta="LINKSRV" recibo="337437402" result="0" ssn="337477702" user="MJPV161106" base="" pkg="TSW_PCK_SISTEMA_MAT_VEHICULAR" name="TSW_PRO_PAGO_IFI">
  <parameterBlock name="PCO_VALORES_PAGO" isnull="false">
    <parameterValue>
      <cursorParameter>
        <resultsetMetadata>
          <colDef name="CODIGO_TIPO_RUBRO" dataType="string" maxLen="897450034"/>
          <colDef name="DESCRIPCION_RUBRO" dataType="string" maxLen="897450484"/>
          <colDef name="VALOR" dataType="numeric" maxLen="897450006" scale="0" precision="0"/>
          <colDef name="IMPRIMIR_IFI" dataType="string" maxLen="897449986"/>
        </resultsetMetadata>
        <resultsetData>
          <rowData>
            <cellData isnull="false" value="CONSEJO_PROVINCIAL_GUAYAS"/>
            <cellData isnull="false" value="TASA SPPAT"/>
            <cellData isnull="false" value="0"/>
            <cellData isnull="false" value="SI"/>
          </rowData>
          <rowData>
            <cellData isnull="false" value="TASAS_DNT"/>
            <cellData isnull="false" value="TASAS ANT"/>
            <cellData isnull="false" value="7600"/>
            <cellData isnull="false" value="SI"/>
          </rowData>
        </resultsetData>
      </cursorParameter>
    </parameterValue>
  </parameterBlock>
  <parameterBlock name="PDO_FECHA_CAD_MATRICULA" isnull="false">
    <parameterValue>
      <scalarParameter value="21-DEC-20"/>
    </parameterValue>
  </parameterBlock>
  <parameterBlock name="PNIO_CODIGO_VEHICULO" isnull="false">
    <parameterValue>
      <scalarParameter value="291"/>
    </parameterValue>
  </parameterBlock>
  <parameterBlock name="PNIO_VALOR_TOTAL_PAGO" isnull="false">
    <parameterValue>
      <scalarParameter value="7600"/>
    </parameterValue>
  </parameterBlock>
  <parameterBlock name="PNO_CODIGO_CANTON_VEHICULO" isnull="false">
    <parameterValue>
      <scalarParameter value="20101"/>
    </parameterValue>
  </parameterBlock>
  <parameterBlock name="PNO_COD_OPERATIVO_COD_MSJ" isnull="false">
    <parameterValue>
      <scalarParameter value="15"/>
    </parameterValue>
  </parameterBlock>
  <parameterBlock name="PNO_LOG_SRI" isnull="false">
    <parameterValue>
      <scalarParameter value="10819122019209250650"/>
    </parameterValue>
  </parameterBlock>
  <parameterBlock name="PNO_VALOR_AVALUO_VEHICULO" isnull="false">
    <parameterValue>
      <scalarParameter value="40000"/>
    </parameterValue>
  </parameterBlock>
  <parameterBlock name="PNO_VALOR_CONTRATOS" isnull="false">
    <parameterValue>
      <scalarParameter value="0"/>
    </parameterValue>
  </parameterBlock>
  <parameterBlock name="PSIO_CODIGO_TERMINAL_IFI" isnull="false">
    <parameterValue>
      <scalarParameter value="MJPV161106"/>
    </parameterValue>
  </parameterBlock>
  <parameterBlock name="PSIO_FECHA_CONTABLE_IFI" isnull="true"/>
  <parameterBlock name="PSO_ANIO_VEHICULO" isnull="false">
    <parameterValue>
      <scalarParameter value="1978"/>
    </parameterValue>
  </parameterBlock>
  <parameterBlock name="PSO_CAMV_CPN_VEHICULO" isnull="true"/>
  <parameterBlock name="PSO_CHASIS_VEHICULO" isnull="false">
    <parameterValue>
      <scalarParameter value="B61EVAG0726"/>
    </parameterValue>
  </parameterBlock>
  <parameterBlock name="PSO_CLASE_VEHICULO" isnull="false">
    <parameterValue>
      <scalarParameter value="VOLQUETA"/>
    </parameterValue>
  </parameterBlock>
  <parameterBlock name="PSO_COD_ENT_POL_VEHICULO" isnull="false">
    <parameterValue>
      <scalarParameter value="DNT"/>
    </parameterValue>
  </parameterBlock>
  <parameterBlock name="PSO_EST_MATRICULA_VEHICULO" isnull="false">
    <parameterValue>
      <scalarParameter value="SI"/>
    </parameterValue>
  </parameterBlock>
  <parameterBlock name="PSO_MARCA_VEHICULO" isnull="false">
    <parameterValue>
      <scalarParameter value="FORD"/>
    </parameterValue>
  </parameterBlock>
  <parameterBlock name="PSO_MODELO_VEHICULO" isnull="false">
    <parameterValue>
      <scalarParameter value="B600"/>
    </parameterValue>
  </parameterBlock>
  <parameterBlock name="PSO_MOTOR_VEHICULO" isnull="false">
    <parameterValue>
      <scalarParameter value="FD6032505T"/>
    </parameterValue>
  </parameterBlock>
  <parameterBlock name="PSO_NOMBRE_PROPIETARIO" isnull="false">
    <parameterValue>
      <scalarParameter value="ARIAS AVILA FAUSTO AMADOR"/>
    </parameterValue>
  </parameterBlock>
  <parameterBlock name="PSO_NUM_IDEN_PROPIETARIO" isnull="false">
    <parameterValue>
      <scalarParameter value="0102414299"/>
    </parameterValue>
  </parameterBlock>
  <parameterBlock name="PSO_PAIS_VEHICULO" isnull="false">
    <parameterValue>
      <scalarParameter value="ESTADOS UNIDOS"/>
    </parameterValue>
  </parameterBlock>
  <parameterBlock name="PSO_PLACA_VEHICULO" isnull="false">
    <parameterValue>
      <scalarParameter value="AAA0189"/>
    </parameterValue>
  </parameterBlock>
  <parameterBlock name="PSO_SERVICIO_VEHICULO" isnull="false">
    <parameterValue>
      <scalarParameter value="PAR"/>
    </parameterValue>
  </parameterBlock>
</dbResponse>