<?xml version = '1.0'?>
<wsp:Policy	wsu:Id="wss11_username_token_with_message_protection_service_policy"
	xmlns:wsp="http://schemas.xmlsoap.org/ws/2004/09/policy"
	xmlns:wsu="http://docs.oasis-open.org/wss/2004/01/oasis-200401-wss-wssecurity-utility-1.0.xsd">
	<sp:SymmetricBinding xmlns:sp="http://schemas.xmlsoap.org/ws/2005/07/securitypolicy">
		<wsp:Policy>
			<sp:ProtectionToken>
				<wsp:Policy>
					<sp:X509Token sp:IncludeToken="http://schemas.xmlsoap.org/ws/2005/07/securitypolicy/IncludeToken/Never">
						<wsp:Policy>
							<sp:RequireThumbprintReference />
							<sp:WssX509V3Token11 />
						</wsp:Policy>
					</sp:X509Token>
				</wsp:Policy>
			</sp:ProtectionToken>
			<sp:AlgorithmSuite>
				<wsp:Policy>
					<sp:Basic128 />
				</wsp:Policy>
			</sp:AlgorithmSuite>
			<sp:Layout>
				<wsp:Policy>
					<sp:Lax />
				</wsp:Policy>
			</sp:Layout>
			<sp:IncludeTimestamp />
			<sp:OnlySignEntireHeadersAndBody />
		</wsp:Policy>
	</sp:SymmetricBinding>
	<sp:SignedSupportingTokens xmlns:sp="http://schemas.xmlsoap.org/ws/2005/07/securitypolicy">
		<wsp:Policy>
			<sp:UsernameToken sp:IncludeToken="http://schemas.xmlsoap.org/ws/2005/07/securitypolicy/IncludeToken/AlwaysToRecipient">
				<wsp:Policy>
					<sp:WssUsernameToken10 />
				</wsp:Policy>
			</sp:UsernameToken>
		</wsp:Policy>
	</sp:SignedSupportingTokens>
	<sp:Wss11 xmlns:sp="http://schemas.xmlsoap.org/ws/2005/07/securitypolicy">
		<wsp:Policy>
			<sp:RequireSignatureConfirmation />
			<sp:MustSupportRefEncryptedKey />
		</wsp:Policy>
	</sp:Wss11>
</wsp:Policy>