<soap-env:messages xmlns:soap-env="http://schemas.xmlsoap.org/soap/envelope/">
	<message key="async.request">
		<soap-env:Body>
			<SOAP-ENV:Envelope xmlns:SOAP-ENV="http://www.w3.org/2003/05/soap-envelope"
			      xmlns:e="http://www.technisys.net/cmm/services/errors/v1.0"
			      xmlns:md="http://www.technisys.net/cmm/services/metadata/v2.0"
			      xmlns:wsse="http://docs.oasis-open.org/wss/2004/01/oasis-200401-wss-wssecurity-secext-1.0.xsd"
			      xmlns:wsu="http://docs.oasis-open.org/wss/2004/01/oasis-200401-wss-wssecurity-utility-1.0.xsd">
			        <SOAP-ENV:Header>
			          <md:metadata>
			            <serviceId>processTransferShoppingMarketToTicket</serviceId>
			            <executingOperatorId>${executingOperatorId}</executingOperatorId>
						<cmmDispatchDate>${fechaEjecucion}</cmmDispatchDate>
			            <customProperties>
			              <isPersonalBank type="java.lang.Boolean">${canalLogo}</isPersonalBank>
			            </customProperties>
			          </md:metadata>
			        </SOAP-ENV:Header>
			        <SOAP-ENV:Body>
			          <srv:processTransferShoppingMarketToTicketRequest xmlns:srv="http://www.technisys.net/cmm/services/processTransferShoppingMarketToTicket/rq/v0.0">
			            <collection name="transactionSets">
			              <transactionSet>
			                <processDate>${fechaProceso}</processDate>
			                <executionDate>${fechaEjecucion}</executionDate>
			                <monetaryTransactionNumber>${referencia}</monetaryTransactionNumber>
			                <sourceDataTransaction>
			                  <amount>${valor}</amount>
			                  <customerOperation>
			                    <customer>
			                      <name>${titular}</name>
			                      <institution>
			                        <name>${empresa}</name>
			                      </institution>
			                    </customer>
			                    <product>
			                      <productType>
			                        <shortDesc>${tipoCuenta}</shortDesc>
			                      </productType>
			                    </product>
			                    <operationId>${cuenta}</operationId>
			                  </customerOperation>
			                </sourceDataTransaction>
			                <transferType>
			                  <mnemonic>CARRO_COMPRAS_PAGO</mnemonic>
			                </transferType>
			                <targetDataTransactions>
			                  <targetDataTransaction>
			                    <currency>
			                      <shortDesc>${moneda}</shortDesc>
			                    </currency>
			                    <amount>${valor}</amount>
			                  </targetDataTransaction>
			                </targetDataTransactions>
			                <concept>${concepto}</concept>
			              </transactionSet>
			            </collection>
			          </srv:processTransferShoppingMarketToTicketRequest>
			        </SOAP-ENV:Body>
			</SOAP-ENV:Envelope>
		</soap-env:Body>
	</message>
	<message key="async.response">
		<soap-env:Body>
			<Envelope>
				<Header/>
				<Body/>
			</Envelope>
		</soap-env:Body>
	</message>
</soap-env:messages>