<soap-env:messages xmlns:soap-env="http://schemas.xmlsoap.org/soap/envelope/">
	<message key="async.request">
		<soap-env:Body>
			<SOAP-ENV:Envelope
				xmlns:e="http://www.technisys.net/cmm/services/errors/v1.0"
				xmlns:md="http://www.technisys.net/cmm/services/metadata/v2.0"
				xmlns:wsu="http://docs.oasis-open.org/wss/2004/01/oasis-200401-wss-wssecurity-utility-1.0.xsd"
				xmlns:wsse="http://docs.oasis-open.org/wss/2004/01/oasis-200401-wss-wssecurity-secext-1.0.xsd"
				xmlns:SOAP-ENV="http://www.w3.org/2003/05/soap-envelope"
				xmlns:xsl="http://www.w3.org/1999/XSL/Transform">
				<SOAP-ENV:Header>
					<md:metadata>
						<internals/>
						<serviceId>modifyMonetaryTransactionByExecutionPaymentService</serviceId>			
						<executingOperatorId>${executingOperatorId}</executingOperatorId>
						<cmmDispatchDate>${fechaEjecucion}</cmmDispatchDate>
						<customProperties>
							<isPersonalBank type="java.lang.Boolean">${canalLogo}</isPersonalBank>
						</customProperties>
					</md:metadata>
				</SOAP-ENV:Header>
				<SOAP-ENV:Body>
					<srv:modifyMonetaryTransactionByExecutionPaymentServiceRequest
						xmlns:srv="http://www.technisys.net/cmm/services/modifyMonetaryTransactionByExecutionPaymentService/rq/v0.0">						
						${imagenReciboIESSBase64}
						<collection name="transactionSets">
							<transactionSet>
								<commission>${comision}</commission>
								<executionDate>${fechaEjecucion}</executionDate>
								<processDate>${fechaProceso}</processDate>
								<sourceDataTransaction>
									<customerOperation>
										<currency>
											<shortDesc>${monedaOrigen}</shortDesc>
										</currency>
										<operationIdMasked>${cuentaEnmascaradaOrigen}</operationIdMasked>
										<type>
											<shortDesc>${tipoCuentaOrigen}</shortDesc>
										</type>
									</customerOperation>
								</sourceDataTransaction>
								<targetDataTransactions>
									<targetDataTransaction>
										<amount>${monto}</amount>
										<currency>
											<shortDesc>${monedaDestino}</shortDesc>
										</currency>
										<service>								
											<agreementType>
												<shortDesc>${regionalServicio}</shortDesc>
											</agreementType>
											<identifier>
												<identifierNumber>${codigoServicio}</identifierNumber>
												<identifierType>
													<mnemonic>${nemonicoCodigoServicio}</mnemonic>
													<shortDesc>${descripcionCodigoServicio}</shortDesc>
												</identifierType>											
												${datosAdicionales}												
											</identifier>
											<institutionServiceCode>
												<shortDesc>${descripcionServicioEmpresa}</shortDesc>
											</institutionServiceCode>											
											<payServiceType>
												<mnemonic>${tipoServicio}</mnemonic>
												<shortDesc>${descripcionServicio}</shortDesc>
											</payServiceType>
											<alias>${alias}</alias>
											<visibleAgreement>${mostrarRegionalServicio}</visibleAgreement>
											<customer>
												<name>${nombreCliente}</name>
											</customer>
										</service>										
										${recibos}										
										<executionAmount>${montoTotal}</executionAmount>
										<dueDate>${fechaVencimiento}</dueDate>
									</targetDataTransaction>
								</targetDataTransactions>
								<transactionSetId>${referencia}</transactionSetId>
								<transferType>
									<mnemonic>PAGO_SERVICIOS</mnemonic>
								</transferType>
							</transactionSet>
						</collection>
					</srv:modifyMonetaryTransactionByExecutionPaymentServiceRequest>
				</SOAP-ENV:Body>
			</SOAP-ENV:Envelope>
		</soap-env:Body>
	</message>
	<message key="async.response">
		<soap-env:Body>
			<Envelope>
				<Header/>
				<Body/>
			</Envelope>
		</soap-env:Body>
	</message>
</soap-env:messages>