[
	{
		"transaction": {
            "idTrx": "62677",
            "class": "mainCajaVerde",
            "mainMethod": "execute",
            "application": "Caja verde"
        }
	},
	{
		"transaction": {
            "idTrx": "15501",
            "class": "mainLatina",
            "mainMethod": "execute",
            "application": "MIS-LATINIA"
        }
	},
	{
		"transaction": {
            "idTrx": "15502",
            "class": "mainNotificaciones",
            "mainMethod": "execute",
            "application": "MIS-NOTIFICACIONES"
        }
	},
	{
		"transaction": {
            "idTrx": "15504",
            "class": "mainPrestamosRH",
            "mainMethod": "execute",
            "application": "RHH-PRESTAMOS"
        }
	},
	{
		"transaction": {
            "idTrx": "62682",
            "class": "mainCajaVerde",
            "mainMethod": "execute",
            "application": "Caja Verde"
        }
	}
]